"Header 1","Header 2",id
"Data for Header 1","Data for Header 2",540
"Data for Header 1","Data for Header 2",541
"Data for Header 1","Data for Header 2",542
"Data for Header 1","Data for Header 2",543
"Data for Header 1","Data for Header 2",544
"Data for Header 1","Data for Header 2",545
"Data for Header 1","Data for Header 2",546
"Data for Header 1","Data for Header 2",547
"Data for Header 1","Data for Header 2",548
"Data for Header 1","Data for Header 2",549
"Data for Header 1","Data for Header 2",550
"Data for Header 1","Data for Header 2",551
"Data for Header 1","Data for Header 2",552
"Data for Header 1","Data for Header 2",553
"Data for Header 1","Data for Header 2",554
"Data for Header 1","Data for Header 2",555
"Data for Header 1","Data for Header 2",556
"Data for Header 1","Data for Header 2",557
"Data for Header 1","Data for Header 2",558
"Data for Header 1","Data for Header 2",559
"Data for Header 1","Data for Header 2",560
"Data for Header 1","Data for Header 2",561
"Data for Header 1","Data for Header 2",562
"Data for Header 1","Data for Header 2",563
"Data for Header 1","Data for Header 2",564
"Data for Header 1","Data for Header 2",565
"Data for Header 1","Data for Header 2",566
"Data for Header 1","Data for Header 2",567
"Data for Header 1","Data for Header 2",568
"Data for Header 1","Data for Header 2",569
"Data for Header 1","Data for Header 2",570
"Data for Header 1","Data for Header 2",571
"Data for Header 1","Data for Header 2",572
"Data for Header 1","Data for Header 2",573
"Data for Header 1","Data for Header 2",574
"Data for Header 1","Data for Header 2",575
"Data for Header 1","Data for Header 2",576
"Data for Header 1","Data for Header 2",577
"Data for Header 1","Data for Header 2",578
"Data for Header 1","Data for Header 2",579
"Data for Header 1","Data for Header 2",580
"Data for Header 1","Data for Header 2",581
"Data for Header 1","Data for Header 2",582
"Data for Header 1","Data for Header 2",583
"Data for Header 1","Data for Header 2",584
"Data for Header 1","Data for Header 2",585
"Data for Header 1","Data for Header 2",586
"Data for Header 1","Data for Header 2",587
"Data for Header 1","Data for Header 2",588
"Data for Header 1","Data for Header 2",589
"Data for Header 1","Data for Header 2",590
"Data for Header 1","Data for Header 2",591
"Data for Header 1","Data for Header 2",592
"Data for Header 1","Data for Header 2",593
"Data for Header 1","Data for Header 2",594
"Data for Header 1","Data for Header 2",595
"Data for Header 1","Data for Header 2",596
"Data for Header 1","Data for Header 2",597
"Data for Header 1","Data for Header 2",598
"Data for Header 1","Data for Header 2",599
"Data for Header 1","Data for Header 2",600
"Data for Header 1","Data for Header 2",601
"Data for Header 1","Data for Header 2",602
"Data for Header 1","Data for Header 2",603
"Data for Header 1","Data for Header 2",604
"Data for Header 1","Data for Header 2",605
"Data for Header 1","Data for Header 2",606
"Data for Header 1","Data for Header 2",607
"Data for Header 1","Data for Header 2",608
"Data for Header 1","Data for Header 2",609
"Data for Header 1","Data for Header 2",610
"Data for Header 1","Data for Header 2",611
"Data for Header 1","Data for Header 2",612
"Data for Header 1","Data for Header 2",613
"Data for Header 1","Data for Header 2",614
"Data for Header 1","Data for Header 2",615
"Data for Header 1","Data for Header 2",616
"Data for Header 1","Data for Header 2",617
"Data for Header 1","Data for Header 2",618
"Data for Header 1","Data for Header 2",619
"Data for Header 1","Data for Header 2",620
"Data for Header 1","Data for Header 2",621
"Data for Header 1","Data for Header 2",622
